liiivideo	S0.H	b	0
videopress	S0.o0	b	0
allvid	S0.b	b	0
arseed	S0.d	b	0
asiatv	S0.f	b	0
fasel2	S0.q	g	1
fembed	S0.l	d	0
fansubs	S0.p	a	0
mailru	S0.L	c	0
faselhd	S0.s	b	0
movs4U	S0.P	b	0
mvidoo	S0.Q	b	0
myCima	S0.U	d	0
allviid	S0.c	c	0
samaUp	S0.Z	b	0
sandUp	S0.a0	c	0
filerio	S0.u	c	0
uqload	S0.j0	c	0
vidhdr	S0.r0	b	0
vidoza	S0.u0	b	0
yandex	S0.F0	b	0
ydBox2	S0.E0	b	0
moshahda	S0.O	b	0
watchVideo	S0.C0	b	0
vk	S0.y0	b	0
vod	S0.z0	a	0
voe	S0.A0	c	0
cnow	S0.h	b	0
dood	S0.j	c	0
dzru	S0.k	b	0
hdUp	S0.y	c	0
myvi	S0.X	d	0
okru	S0.Y	b	0
star	S0.f0	c	0
akwam	S0.a	b	0
cloud	S0.g	b	0
govad	S0.w	b	0
govid	S0.x	b	0
myVid	S0.V	c	0
upbam	S0.h0	b	0
uppom	S0.i0	b	0
vidbm	S0.k0	b	0
vidhd	S0.q0	g	0
vidia	S0.s0	b	0
vidlo	S0.t0	h	0
vudeo	S0.B0	b	0
ydBox	S0.D0	b	0
kobaTube	S0.z	b	0
linkbox	S0.I	b	0
linkget	S0.J	b	0
dailymotion	S0.i	b	0
mp4upload	S0.K	b	0
letsupload	S0.F	m	1
asiaDrama	S0.e	c	0
solidfiles	S0.d0	b	0
mixdrop	S0.N	b	0
vidShare	S0.l0	b	0
gounlimited	S0.v	c	0
videoBee	S0.n0	b	0
vidspeed	S0.x0	i	0
linkpost	S0.J	b	0
vidfaster	S0.p0	f	0
streamSB	S0.g0	c	0
sendvid	S0.b0	b	0
sevenUp	S0.c0	b	0
mediafire	S0.M	a	0
streamtape	S0.e0	b	0
videoBIN	S0.m0	b	0
